label,c0,c1,c2,c3,c4,c5
0,烙,孚,碚,﨏,珞,﨏
1,儿,尣,儿,尣,尣,民
2,圀,胴,圀,脚,膈,諏
3,鬣,繋,繫,熨,鬃,鬚
4,迮,冘,冘,竺,汯,逡
5,鯥,䰠,趁,缸,缸,魅
6,湏,顥,顯,顯,顒,酣
7,慎,填,槙,瘨,琪,琪
8,芼,穵,芥,芿,苢,跖
9,渮,潴,潢,潴,潸,潸
10,脤,胱,脤,脆,脆,賦
11,絖,縺,轆,總,統,樚
12,持,恃,持,鈐,特,待
13,穖,穖,壜,機,韆,韆
14,彰,釤,釤,衫,衫,叡
15,籗,奮,蕾,𦿸,藝,藿
16,瓠,齅,齅,瓢,舢,艆
17,ぐ,ミ,4,一,ぺ,ハ
18,紘,瞠,紘,墮,墮,踏
19,堙,壜,壃,榼,擅,擡
20,覧,鱉,薷,薷,襀,舅
21,猝,啐,晬,晬,晬,粋
22,騙,㗴,瞤,暇,鷗,鷗
23,鶻,鴲,鵲,鷁,鵝,鶼
24,獏,痰,瘼,癡,痩,漌
25,鴇,鴨,鵾,鴟,鴲,鵈
26,蝮,鱧,鱣,鱣,護,鑊
27,恩,慁,憙,愙,憙,㥯
28,チ,天,ヂ,千,宍,牙
29,棋,纖,鑯,纖,嫰,臟
30,媿,理,㟴,埵,瑰,魂
31,璅,換,瑍,渙,悞,換
32,頲,顦,顧,顯,顱,顫
33,薪,蒲,茀,蒲,莉,萠
34,懕,舜,舜,聟,懕,忿
35,荇,芫,芽,芹,茺,蒜
36,麌,麑,鬟,鬢,鬢,贒
37,蠣,蝘,蝙,螈,編,蜩
38,応,耳,可,兆,応,厄
39,揫,揫,摯,傘,犖,翬
40,か,や,ら,ゼ,も,ぢ
41,改,敗,敗,跋,祓,致
42,淏,礇,溟,澤,漲,渓
43,桷,悝,栃,愑,桶,桶
44,菖,薗,蘑,蘑,蘭,蘭
45,鎤,幌,棏,楹,鎰,縊
46,釛,劼,釛,魴,効,効
47,既,銧,觥,觥,魷,釮
48,擦,撩,擦,惵,煠,襟
49,躯,髃,髁,躱,餜,餜
50,芺,英,芙,英,芺,笶
51,幷,它,㚑,少,凢,凢
52,殿,毆,臤,般,酘,羖
53,祠,輌,輛,輌,蛃,鮞
54,姚,誂,娩,跳,銚,錵
55,麌,實,簀,簣,竇,賓
56,剣,祭,判,殆,剣,制
57,栁,抑,栁,𦀌,御,袽
58,魳,韴,魳,魳,魲,飼
59,宍,杰,宗,末,未,栄
60,𦹀,薜,彗,慈,鎣,鎣
61,𧮾,駱,酹,駱,発,発
62,伃,羿,俘,浮,俘,浮
63,侅,挍,伎,侒,按,佽
64,瘛,𢰝,瘛,堪,癱,癱
65,陟,啼,陟,睫,啼,啼
66,譌,詭,嬀,蝓,諗,諗
67,騱,靜,驍,騱,黟,靜
68,偣,偕,偣,奟,首,僣
69,譓,蹢,鏥,䝤,譓,褘
70,沮,伹,徂,伹,徂,沍
71,蒯,窕,眤,阨,昵,聦
72,槍,艙,蹌,崤,槍,艙
73,殂,殂,爼,生,祖,祖
74,釜,鬯,爸,登,釡,鬯
75,㒵,步,広,亥,广,広
76,羚,侈,侈,佟,佟,拶
77,蓂,粟,葵,葈,獎,奬
78,祐,物,圴,扚,韵,鈎
79,ご,た,亼,と,と,コ
80,雲,砉,霑,砉,霑,耑
81,旅,赤,旅,赤,ず,ず
82,靏,靂,靄,霾,靂,靎
83,歹,ぎ,兮,ぜ,今,今
84,鎞,𨫝,蜅,鐳,銿,鏽
85,榿,隥,榿,嶝,澄,磴
86,堀,框,恇,摝,摝,陬
87,鬱,昺,罄,巒,崙,霶
88,鈑,魬,飯,飯,扱,䉤
89,駁,斁,鼽,齪,殽,覈
90,ヹ,鼡,朮,本,ポ,本
91,捧,琫,淎,琫,律,儕
92,啄,猨,猨,曉,嗄,嘎
93,毗,豼,枇,粃,紕,批
94,揉,楺,楺,掃,帰,襷
95,螾,臻,綿,錦,螓,螾
96,絙,絚,餖,鋀,姮,姮
97,晈,跂,咬,狡,跂,咬
98,澡,燥,操,躁,岑,璪
99,ク,ヺ,タ,厂,プ,プ
100,迍,逶,逶,逑,述,逡
101,魵,訟,躮,鈖,魵,躮
102,眈,球,哇,味,咏,咏
103,隋,瑤,陷,陷,陘,䁘
104,具,畢,曷,異,昮,畢
105,蟋,琢,礪,涿,塚,琢
106,鬧,閨,闔,闖,閠,闌
107,檝,懺,檝,僦,僦,僦
108,禧,憘,橲,瑇,橲,禧
109,塉,栴,縉,穃,櫓,塉
110,蠓,簶,翲,簳,𥱤,檬
111,懾,儋,僧,滄,瀹,偸
112,悋,熔,瑢,瑢,悋,拵
113,爽,枩,臾,突,枩,突
114,萄,萠,茢,蔀,蔀,葡
115,癃,癧,瘧,惷,遘,悳
116,麝,欝,弩,髩,靨,孱
117,瞻,瞻,晪,嗔,腆,讎
118,鮓,舴,烊,蚱,祚,蚱
119,譲,譏,譏,鐱,譏,腨
120,捼,矮,俊,浚,矮,浚
121,朳,柷,扱,祝,拔,蚇
122,邱,邨,郝,郄,郯,邦
123,琩,璢,唱,嶇,幅,幅
124,謚,堕,媱,饎,謹,譩
125,笋,筦,筝,等,筥,等
126,装,裟,衾,裘,裳,裘
127,撮,憍,懦,撟,橘,穝
128,而,菊,菊,菊,盂,面
129,揃,櫤,蟖,搥,槭,轍
130,貂,韶,韶,貂,距,距
131,簗,槃,欒,槃,欒,梁
132,墊,鏨,塹,堲,塹,壑
133,歓,歐,歔,欹,歙,歊
134,働,慟,慟,働,撝,蜐
135,旁,冬,茖,荢,苳,苳
136,邸,邸,䘏,郇,郲,䘏
137,滾,沃,琰,淡,渋,洟
138,攝,攝,梻,攏,櫧,㸅
139,剴,剉,剴,刮,剉,到
140,酇,酇,斸,鄷,鄰,鄯
141,溌,浞,𣵀,他,俋,混
142,皯,皯,籵,粁,籵,粁
143,平,歬,鞏,乗,乘,黍
144,搾,搾,停,停,榜,榜
145,絺,縗,纃,楴,楴,蹄
146,鏨,髱,蹔,蹔,鑿,髻
147,瑒,湯,愓,楊,煬,碭
148,弁,弁,艹,艹,𩙿,井
149,ㇹ,ょ,ㇹ,よ,よ,よ
150,頖,頡,頰,頳,頷,頼
151,鱩,螻,鐖,饑,鱐,鏽
152,蚝,竓,蚝,蚝,耗,甠
153,鞳,輈,輪,轉,鞲,輅
154,抅,玽,洵,洵,珣,徇
155,觶,饆,饆,鱓,驛,觶
156,稼,糘,稼,粽,粽,錝
157,楳,𣜿,湶,樺,楾,槹
158,錫,碣,錫,碣,錫,餲
159,廳,翥,羽,嵡,翥,廳
160,踧,鍬,餱,鍬,鰍,貅
161,酸,鮻,駸,驗,醋,醋
162,淖,俥,悼,珒,凍,淖
163,嬢,嶬,鱶,驩,纚,釃
164,㬜,胃,胥,清,胄,胄
165,逸,迤,迱,迆,迤,迱
166,積,櫝,蹟,繽,纊,續
167,勻,匀,匆,匀,勿,匂
168,躊,幬,嶹,躊,璹,躊
169,盌,盥,盥,召,召,𥁊
170,腕,諚,碇,訖,陡,諚
171,歯,齒,蔤,蔤,歯,歯
172,鋆,疵,癮,儃,遭,襢
173,畒,臥,鳦,鴕,氈,批
174,柮,咄,柮,継,継,拙
175,覿,覿,覬,覯,覩,覯
176,鬆,鬆,嶄,質,質,赫
177,哲,哲,晳,哲,皙,岩
178,幣,漐,檗,檗,某,某
179,皦,瞰,㬚,瞰,噉,皦
180,抖,材,村,枓,抖,材
181,綋,披,椣,帔,破,妓
182,碔,碔,㞍,夙,凪,𠘨
183,鞞,軟,韓,靺,靺,榦
184,將,胗,診,訡,胦,將
185,菁,齋,膂,甯,㑪,審
186,蝿,娚,貍,蛎,蛹,誦
187,桾,楣,楣,裾,琱,棆
188,這,違,𨗉,邉,遑,遧
189,じ,ね,私,じ,衫,杉
190,決,快,決,袂,快,抉
191,漓,滝,涬,涬,湋,滓
192,懲,懋,崑,迯,仡,㐬
193,舐,処,処,舐,蚳,飢
194,秩,怢,帙,昳,跌,跌
195,梨,棨,檠,漐,帑,梨
196,蒦,蒦,蕤,蒦,蓑,薈
197,肢,胘,胠,弦,耽,肱
198,総,紞,柆,粒,棯,稔
199,囷,囨,菡,困,固,困
200,颪,嵐,凰,颪,鳳,風
201,外,豸,几,丑,凡,介
202,折,挵,訴,釿,蚸,釿
203,携,籠,籠,瀏,遄,遄
204,釥,玅,鉡,蜉,蚌,觘
205,楆,襪,楩,樮,樮,榴
206,瘖,藙,褰,僖,僖,簑
207,恰,拾,拾,恰,抬,炤
208,據,攜,璩,穢,摠,鑣
209,埿,塰,埿,豊,足,呈
210,尺,氏,沄,元,伝,斤
211,拓,炻,炻,柘,杤,朷
212,捁,梏,捁,梏,楢,桔
213,乍,不,甲,申,宙,市
214,淫,涇,垤,婬,洤,涅
215,噴,噴,嘈,隤,瞶,険
216,厨,囹,函,囚,因,囨
217,橢,剏,橢,㡡,剏,仰
218,蜎,蝠,覟,親,親,視
219,師,鄺,莿,鄘,鄂,郿
220,雯,晏,雯,夋,袰,曼
221,忽,忩,恕,怒,恕,怒
222,嫉,碗,碗,踠,捥,捥
223,婺,哭,婺,嫠,娶,癸
224,梅,梅,悔,海,侮,悔
225,濞,涁,汧,爭,濞,岺
226,冭,欠,仗,夂,狄,ス
227,蛋,蛩,智,萑,蛋,蜚
228,挼,桵,挼,桵,桜,珱
229,蜷,踖,踖,踡,蜷,蜷
230,鯽,寵,鯽,漪,𤺋,漪
231,涕,稊,娣,娣,綈,綈
232,慕,蘘,薯,蓽,蓽,葛
233,輗,輗,𩊠,祧,背,輗
234,渚,渚,偖,冷,泠,伶
235,撾,撾,鯣,璡,璡,鱺
236,泯,疷,痠,疲,洩,疲
237,棚,嫺,獼,硼,硼,棚
238,促,挽,梚,俛,挽,程
239,濤,樗,檮,鑄,擣,檮
240,瞽,訾,蓖,鹽,舊,薹
241,貧,貰,資,責,賚,買
242,頬,頻,頽,頗,頞,頳
243,倏,倏,倐,條,修,絛
244,騨,醍,鄽,駻,駼,騨
245,弃,髙,高,弈,璐,廂
246,娗,挺,挻,梃,梴,涎
247,藷,莔,莔,苕,萏,蓿
248,亟,里,丞,亟,坙,邑
249,槪,橛,槪,橛,櫃,慨
250,紂,料,紂,料,糾,蚪
251,篋,譩,鮠,詭,鮠,篋
252,缾,耕,舼,醂,駢,畊
253,つ,㓁,ㇽ,尸,ゐ,あ
254,妣,妣,泚,砒,砒,砒
255,胦,䀹,陜,陝,陜,陝
256,挙,旱,牟,季,秊,睪
257,梖,級,錑,梖,級,根
258,鼻,眞,貪,鱟,質,鱟
259,鸜,鸙,鸚,鸜,鸜,鸇
260,莝,互,荳,荳,至,旺
261,捄,妺,姉,㛏,妺,㛏
262,瘕,痼,瘢,瘢,癤,権
263,桐,恫,烔,桐,烱,烔
264,同,岡,岡,雨,囘,雨
265,蒂,皁,再,罕,孳,孳
266,糫,擐,糫,櫺,損,揖
267,纈,懶,獺,獺,𣠽,櫬
268,麈,廛,廛,窿,霳,雁
269,筭,菲,筭,弈,奔,弊
270,娉,竧,蠐,矪,矪,媠
271,統,綋,絖,鏟,綋,続
272,徑,桎,桴,稃,枰,佺
273,網,鰕,緞,鍛,鍜,緞
274,嗒,唔,喀,哱,陲,嗟
275,鯑,鯑,鰺,巋,鯵,驕
276,鐏,鐏,竴,罇,竴,蹲
277,吊,衆,杲,架,屮,弔
278,樞,慴,摺,侶,慍,摑
279,懊,礇,懊,模,瘓,濵
280,挃,伾,仔,杔,抒,杼
281,啡,吋,吋,腓,誹,聨
282,槶,椢,侶,悩,侶,椚
283,裸,裸,杵,禄,緑,橡
284,猟,角,魚,負,爺,猟
285,泂,洄,洞,淵,泗,洄
286,韭,册,器,器,器,册
287,槖,䯨,爽,梥,寨,紊
288,巩,巩,仭,扨,帆,𣏒
289,棠,祟,臬,枲,崇,豢
290,𨂊,跼,嵶,躅,躅,嵶
291,ゕ,冖,ぉ,冖,ぉ,ヶ
292,髜,醱,鯺,赭,赭,騁
293,匜,匝,匣,匣,医,匡
294,嶲,崗,膺,鬳,鬳,崗
295,廊,廊,廊,儻,傔,慊
296,艢,鱔,艪,鱔,㡡,鱝
297,晴,晴,喟,嘈,暖,嘻
298,㹦,省,㹦,狢,狢,雀
299,縞,縞,搞,槁,蠔,蠔
300,祐,祊,祐,畩,畩,祛
301,瀨,瀬,𣷓,潮,湘,洲
302,灘,徵,徵,徴,徵,徴
303,キ,才,犭,丿,ネ,イ
304,嚠,﨩,崦,嶋,鴫,嶠
305,似,放,双,赦,效,典
306,絵,給,蛤,桧,衵,桕
307,鈗,鉷,紋,釚,釟,鉷
308,觧,鮓,畔,琲,琲,称
309,瀆,漬,債,憒,債,漬
310,鰖,綰,舘,蜟,銷,錥
311,盗,盛,盦,盤,盤,盟
312,怔,杶,杣,杝,扡,衲
313,縢,榺,滕,榺,𨺉,弾
314,楬,橘,愒,橘,愒,淂
315,詁,詁,站,註,註,砧
316,鸊,鷚,鷸,鶲,鷸,鷸
317,莫,茇,莫,芳,若,茨
318,勅,獣,勤,勁,動,勤
319,掖,埌,琅,俍,汨,浪
320,裨,﨨,錍,碑,蜱,錍
321,勞,勞,契,劈,莠,劈
322,傜,徭,徭,疰,拌,洤
323,磠,漥,逌,逌,玿,墻
324,憭,硺,琢,𣽾,硺,塚
325,織,縅,鹹,緘,縬,鹹
326,探,粿,綶,綶,綶,裸
327,菴,萓,萢,菀,菅,菴
328,終,柊,終,鋩,妒,姥
329,嚠,嘲,喇,嘲,啣,嘲
330,凞,烝,𡱖,㷀,兪,兪
331,纘,縝,纉,鑽,縝,鎭
332,虵,絶,釶,訛,釶,釶
333,欵,欲,歆,歖,欸,歖
334,財,討,豺,甤,豺,肘
335,醞,駉,醒,唖,啞,駉
336,輞,蜩,綢,絅,鯛,絅
337,免,免,恁,兔,兌,兊
338,擠,鋳,裑,裑,祷,𢭏
339,釁,釁,薫,薫,薰,黧
340,綻,秒,紗,抄,杪,捗
341,猱,埃,娭,唉,険,猱
342,竏,竏,妊,妊,紝,柾
343,讀,讝,臑,醤,醤,贖
344,繞,蟯,磽,嶢,嶢,嬈
345,鑾,霆,嚚,豐,鑒,璗
346,閎,鬥,閩,閊,閙,閩
347,臤,殺,殷,殻,殾,毀
348,鍇,棤,惜,蜡,錯,錯
349,謟,凾,固,固,画,訶
350,真,宴,真,戛,宴,㚖
351,艜,緤,鍱,謀,媟,蝶
352,倅,悴,焠,焠,埣,忰
353,婾,轘,楡,檢,鞴,轎
354,氣,氤,氳,氣,箴,筬
355,佻,蜙,垉,祢,佻,佻
356,鹼,鹸,鯸,鯸,鱥,歳
357,炆,蚊,戉,戉,戓,炆
358,滞,潛,潜,濳,潛,潜
359,峋,昀,吻,呴,昀,昫
360,街,衘,衛,銜,街,裄
361,畑,㷔,烟,烟,熖,矧
362,歳,晸,晟,嶔,嵌,嵌
363,吸,叭,呎,吸,听,叭
364,駲,馴,剛,酬,駲,艸
365,艅,鯷,鯒,鯒,艠,鮸
366,鴾,鴾,鶫,鵐,鶏,鶙
367,疂,盡,晝,臺,亹,豎
368,恋,恷,惣,忞,悠,忞
369,謁,竭,是,禺,扃,謁
370,欗,欄,瀾,爛,襴,瀾
371,璅,撲,業,樸,僕,業
372,曄,嘨,嘯,嘯,嗅,嗉
373,荒,蓜,蕋,遐,寇,冦
374,侖,溘,湓,溘,溢,谽
375,詳,牂,牂,脖,貯,許
376,胝,艇,蜓,艇,蜓,𧦅
377,鱈,鐶,援,援,緩,跫
378,菇,芟,茈,苾,蒞,蒞
379,徜,假,惘,烱,倘,煆
380,直,府,康,康,府,店
381,俱,倶,俱,倶,椇,榠
382,縹,幖,㟽,嫖,熛,螵
383,葢,盂,並,孟,彑,𥁕
384,弌,大,六,ゲ,伏,六
385,蕻,甄,鼽,躵,剱,劔
386,秞,帖,紬,柚,紬,枯
387,咺,皚,咀,咀,吧,吧
388,鎋,錬,辣,銉,隷,練
389,懿,醃,黮,簎,衊,衊
390,縫,纏,橇,纒,嬭,綸
391,﨡,趕,鮏,婭,酤,﨡
392,腩,腩,腩,牓,謗,腟
393,牘,躓,躓,讀,牘,續
394,噲,獪,檜,璫,憎,憎
395,愞,摽,愞,標,煙,慓
396,矩,粨,銗,鉅,鉅,姫
397,は,砅,砅,沘,ぼ,毦
398,浄,浄,涘,洋,泮,泮
399,犾,戕,妝,戕,吠,戕
400,畧,唇,峉,睿,客,峉
401,貳,芯,苡,苡,茂,芃
402,愨,憗,憼,懃,愍,愨
403,珉,唄,氓,岷,珉,眠
404,瑣,幀,禎,瑣,項,頊
405,欽,欽,飮,飭,鉃,鉉
406,𡈁,閑,間,閔,閖,閙
407,婥,媜,姨,婥,妖,碵
408,猒,勛,劭,勈,勛,觔
409,嚩,玁,鼎,鼎,囀,囀
410,逵,途,途,逮,達,遧
411,蟒,烤,緖,緒,拷,帾
412,係,傺,保,傺,倮,係
413,漫,漊,漫,磎,磎,磎
414,崝,峭,﨑,精,﨑,精
415,合,劵,夽,会,夽,叴
416,碊,踐,綫,錢,﨎,綫
417,圃,圕,圏,圓,闖,闇
418,朿,聿,車,窣,聿,卓
419,愽,博,愽,搏,檫,擤
420,蹠,蹠,硫,疏,琉,筑
421,耘,釧,衵,鈬,細,鉙
422,扉,樏,樿,檡,襌,愫
423,鴆,鴉,鴋,鴘,鴞,鴟
424,比,𠮟,矻,尓,沁,矻
425,沜,労,力,沜,泔,泭
426,空,空,垚,屯,宝,査
427,鏻,鱗,彝,鎖,鱗,驎
428,鰙,餝,錢,餝,鰙,踐
429,戓,戊,弍,弍,沭,戍
430,籐,貘,膜,膜,腹,簏
431,鼇,鼈,鼈,麅,麅,氅
432,峠,峠,揷,桛,挊,鈴
433,癬,癬,癖,擗,瀞,瀞
434,蠧,驘,贏,霹,霹,贏
435,穇,糝,槮,穇,惨,塒
436,莝,塞,罣,荃,堅,罣
437,酎,坍,酎,坿,酎,柎
438,崕,呪,呪,睚,𥆩,晩
439,鐓,鐓,瀲,燉,媺,瀲
440,虔,度,夌,羑,鹿,庭
441,彅,亮,壳,彅,壼,鳬
442,頗,顏,顔,纇,顔,頗
443,貛,鱅,觽,醨,醨,鋆
444,嵯,瑳,陁,螳,鏜,鏜
445,皷,鼓,皺,麬,皶,麬
446,藶,藶,蔑,蘐,葼,蔑
447,復,壞,懷,榎,榎,愎
448,穹,嶴,嶴,宰,宰,窰
449,痧,癥,瘉,癁,瘙,癁
450,憫,澖,僩,墹,僩,僴
451,鎰,韞,醞,鰮,艋,韞
452,驒,蟬,輝,懌,擇,檡
453,梫,梭,接,梭,椄,焌
454,諞,譚,踴,贉,踴,譯
455,荕,莇,莔,茵,茴,荕
456,倩,蒗,渭,情,凊,瑇
457,疋,午,田,干,干,岊
458,飽,飽,鉋,鮑,駞,蚫
459,裝,善,裝,善,裝,装
460,秣,抹,株,秣,株,珠
461,琨,現,嫄,螈,焜,晛
462,臈,謅,臈,臈,譁,膠
463,頂,須,煨,頊,悵,㙊
464,彼,豉,玻,豉,陂,波
465,宏,麼,麽,麽,廏,縻
466,些,注,住,益,往,往
467,袢,祥,卆,紳,珅,坤
468,恵,恋,恵,怱,您,箆
469,闊,闋,鬧,闊,闋,鬧
470,奛,奛,奟,苢,芍,芿
471,懐,擴,壊,瓖,壤,瀼
472,諡,磴,蹬,嶝,皚,瞪
473,擄,欞,壚,壚,瀘,墟
474,浹,袂,梜,挟,狹,侠
475,皆,皆,皆,隺,音,㫖
476,答,笞,答,荅,答,符
477,剽,剷,劒,韌,剽,測
478,閤,聞,閤,闇,闍,聞
479,俶,淑,淞,俶,愀,淑
480,飡,煖,渣,湌,淒,飡
481,鹽,霄,諐,髻,警,警
482,膝,腴,膵,諛,腴,膵
483,鋕,硅,眭,哇,眭,眭
484,耨,縟,耨,咐,瞬,晰
485,咒,児,兒,兕,兒,皃
486,擁,梳,捷,擁,樲,樲
487,鵰,騠,跚,縣,廽,謳
488,災,皮,皮,支,昃,攴
489,撃,肇,肇,鼕,綮,攣
490,ㇾ,ソ,ワ,彡,ン,ヲ
491,槢,褶,幡,繙,磻,蟠
492,眗,晌,咆,昫,眴,胸
493,拡,迩,道,逆,疱,廸
494,錏,姪,經,銍,脛,脛
495,撻,撻,燵,撻,澾,澾
496,禰,穪,邢,邢,裲,裲
497,鑲,驤,嚝,鱆,竸,鏡
498,隂,隂,曖,噯,皧,曖
499,愧,慵,傭,慵,僡,傀
500,懴,殲,纎,懴,殲,讖
501,丱,油,伷,仙,伸,丱
502,ェ,ヵ,z,z,ェ,ャ
503,兀,X,F,2,お,E
504,枷,梛,螂,鄕,梛,卿
505,萊,蛬,苣,芨,莛,萁
506,稿,犒,熇,皜,搗,摘
507,濚,爍,鑠,櫟,濼,轢
508,雛,雕,骯,濰,雝,雛
509,壴,丘,壴,五,巳,己
510,誣,評,衄,延,延,誣
511,蝙,嫣,蝙,碌,娟,碌
512,獮,穐,穐,獵,猬,猙
513,喎,嗢,隘,隘,吶,咺
514,䋆,炉,筹,蓚,炉,枦
515,鏝,鰻,暑,曩,晨,縵
516,伉,拕,拕,忼,坑,銃
517,肛,胚,肛,胚,莊,壯
518,呼,吽,岼,岼,呷,呷
519,𥇍,啅,陳,皡,陣,啅
520,劾,就,刺,勊,勑,勍
521,李,牢,峯,隼,窂,窂
522,筌,瑩,箜,坴,室,奎
523,碍,罸,罸,屑,署,署
524,庪,痂,港,湔,洶,淘
525,槊,喿,暴,暴,梟,橤
526,芴,芴,苅,俯,苅,荷
527,赳,彪,赳,魁,﨣,尅
528,吤,吤,酊,祈,瓯,岏
529,鬲,琶,署,署,晑,焉
530,掻,搔,怪,捏,㭷,揺
531,秫,秋,㽗,畎,秫,邶
532,馮,淈,淈,潠,瑪,碼
533,匚,凹,四,凵,凹,四
534,酊,酛,靪,靪,鼾,籃
535,群,𩣆,騂,醉,醉,酢
536,堞,楳,樺,樺,揲,楪
537,瑁,玔,甽,明,瑁,昈
538,詩,諸,諸,鮪,跨,桍
539,薌,葹,個,湎,価,涸
540,慯,懵,樫,慳,房,摎
541,榒,棷,掫,棷,榒,鯢
542,諸,䐗,䐗,賭,睹,𦜝
543,椿,瑃,賰,鰆,媋,椿
544,溷,源,彘,遲,漏,渥
545,絹,絹,鋗,蜎,蠋,鐲
546,凳,髠,凳,髠,煦,煦
547,𡵅,甾,甬,侑,洧,洧
548,泪,洦,皕,沔,弜,沔
549,麥,変,姿,叟,変,変
550,載,赬,順,楓,傾,飆
551,坐,全,圭,士,全,士
552,篗,箵,篁,箋,篗,箞
553,掛,褷,穟,縦,穟,縱
554,獗,籏,簱,簱,旗,漿
555,嘿,啜,喝,啜,曙,曙
556,籾,籾,靼,尉,尉,朝
557,裏,裵,襄,裏,軣,寰
558,恌,珧,桃,烑,桃,挑
559,昤,朎,朎,盻,昤,吒
560,針,計,針,野,疑,鮃
561,寱,澟,懍,澟,濂,瘰
562,屣,屟,屧,腐,腐,庵
563,焦,雋,旃,烏,焦,拷
564,惱,懦,懦,擕,擢,擢
565,晞,睎,唏,晞,唏,嘇
566,劘,淝,颼,飃,飂,颸
567,斊,咠,耷,咠,耷,舜
568,碗,豌,婉,踠,婉,嫉
569,亀,訔,罍,畫,畺,愚
570,伍,伍,仍,伀,伀,仂
571,鱰,躍,糴,耀,羂,瞿
572,泝,忻,沂,泝,坼,沂
573,艚,蟥,艚,鐄,鐄,橫
574,履,屡,履,層,層,匵
575,邪,邵,郢,那,郢,卻
576,蓼,寥,翆,羇,翏,習
577,橐,竄,濉,燙,嚴,𧏾
578,臚,贐,謄,腫,腫,謔
579,厤,厤,珋,琊,琊,麻
580,鵃,鵢,鵊,𧜣,鴒,鵒
581,㤗,秦,奏,奏,泰,寮
582,担,桓,但,忋,炟,怛
583,俏,俏,惝,甸,甸,悄
584,馦,鹻,歸,馦,歸,膁
585,舂,春,戞,寡,戞,麞
586,膈,㗅,曚,矇,曚,獦
587,臽,学,嵒,美,岔,岔
588,迵,逎,廼,迥,迵,迵
589,蹣,蹣,議,豅,謫,脇
590,仙,汕,助,佃,汭,池
591,眩,眩,呟,昡,咜,呍
592,滂,滂,洿,届,丐,滂
593,藟,蕷,蒻,蔔,蕕,蓪
594,椁,惇,椁,摶,稕,惸
595,摚,褪,褪,鎚,縋,鎚
596,帒,夲,吉,吉,告,彷
597,塢,壒,痏,墸,壒,痏
598,榭,檞,槲,樹,蠏,檞
599,羊,拏,挲,𤘩,𢪸,罩
600,幵,虹,打,且,且,幵
601,詣,詣,諳,諳,始,詰
602,冢,冢,蒙,篆,篆,蘸
603,亘,旦,亘,每,毎,每
604,瞑,嘿,猽,猥,喂,隈
605,槎,襠,種,檔,檔,捕
606,紆,釘,飣,骭,皯,軒
607,讕,鐗,礀,弸,繝,獼
608,鈩,鉙,紀,鈳,飯,飼
609,設,殴,殁,歿,歿,沒
610,棹,掉,稸,㯃,楝,陳
611,坥,玘,坥,圯,坥,址
612,扎,扑,札,虬,扎,扑
613,胆,跙,年,詎,詛,岠
614,羗,恙,羐,笙,盖,恙
615,貴,夷,宸,袁,寅,賁
616,漠,渟,濟,湊,渟,渧
617,曷,曷,員,鼻,晃,㝵
618,菟,菟,蒿,蒿,藭,蔥
619,樛,樛,繆,熮,璆,繆
620,灥,鴦,蠢,鴦,矗,纛
621,甃,㐆,㐆,㐆,甃,瓮
622,潁,潁,頌,頣,類,𩒐
623,粷,鞠,粷,鞫,鞠,鞠
624,懝,儗,儗,纓,櫻,襤
625,儷,灩,攬,僊,攤,攤
626,著,綦,奢,各,薐,蓼
627,醴,髖,體,髖,虢,饁
628,玵,拑,玵,坩,玵,拑
629,鎞,靆,鰱,鏈,腱,腱
630,憓,渹,憓,憓,瀉,滴
631,鉑,絈,艏,勉,鉑,蜋
632,臍,牆,膰,臏,牆,膰
633,悾,挫,挫,倥,佇,倥
634,佪,侗,徊,洄,佪,侗
635,挐,挐,挈,挐,擘,翠
636,ナ,下,亍,卡,亻,I
637,樓,耬,耬,鏤,橦,潼
638,栢,桮,秤,柙,押,枰
639,蕁,朞,萆,蓴,葊,朞
640,薩,厝,屐,歴,暦,暦
641,餠,鉗,柑,拑,柑,紺
642,瀊,盒,眥,蠁,躄,營
643,服,眼,跟,服,眼,娘
644,髱,鼂,囂,蠹,靁,靁
645,託,奼,飥,飥,託,託
646,渉,淀,使,使,琁,琁
647,溧,溴,溴,偰,溴,傈
648,彎,膏,弯,臂,簿,孿
649,焯,竨,肄,肆,竨,肆
650,昏,昏,晋,香,香,㠯
651,豚,脉,肬,脬,胖,脬
652,済,桁,哘,衍,㤚,垳
653,詑,錧,紽,駝,駝,齣
654,庄,座,座,瘀,瘀,痞
655,達,徨,惶,煌,惶,痊
656,疸,瘴,瘴,痣,癕,瘞
657,摩,縻,糜,靡,廉,廣
658,踶,騶,鶸,鰡,驅,鵬
659,痛,痛,瘍,癩,璃,璃
660,嗎,嗎,隅,瑆,暒,睲
661,曦,曦,隊,喙,隊,喙
662,溂,倒,冽,冽,浰,淘
663,粳,粳,綆,硬,梗,梗
664,灯,灯,仈,耳,耳,灯
665,棬,捲,惓,椦,倦,惓
666,㟢,礜,礜,㟢,肯,得
667,冰,𡉕,泳,俅,怺,怺
668,試,鉞,栻,弑,拭,栻
669,懼,欖,欖,櫂,櫂,權
670,窘,曺,冨,塵,妻,褰
671,閧,閶,閻,閽,閽,閶
672,曺,胥,冒,曺,冐,哥
673,桂,袿,娃,絓,鮭,鮭
674,證,誼,諠,墜,墜,笙
675,眴,詣,胊,餉,胞,胊
676,戚,威,滅,彧,戚,減
677,蛤,紿,枯,岵,岵,岾
678,蜍,蛑,蛛,銖,蜍,蛛
679,酈,鄢,駰,駰,騒,曬
680,正,正,匸,也,込,乚
681,頎,頏,頑,頑,頍,頭
682,痟,痟,穧,肙,肙,濟
683,騅,稚,錐,䧺,錐,雅
684,恨,恨,垠,恨,㙊,梖
685,曽,普,畬,畜,密,密
686,侃,世,仮,板,梹,扳
687,箸,篚,第,筒,第,筐
688,構,搆,構,講,搆,𣜜
689,虀,藍,藎,薹,薼,藘
690,瘘,痠,㿉,瘘,瘦,傻
691,麸,麸,鑫,麩,麩,鞋
692,鳫,篪,鴈,罵,﨟,萹
693,幻,勻,勿,匂,勾,句
694,幤,諮,㔟,勢,幤,帮
695,畛,玲,玲,坅,堵,跈
696,莱,芓,茅,莘,荣,萃
697,亊,斈,杳,帝,亨,杳
698,鞣,鞣,凞,夥,煢,煢
699,篗,簠,箋,簠,簷,篭
700,黼,醅,黠,燄,黠,戳
701,齕,飈,飇,鼬,齣,颫
702,嫌,謙,鑱,鑱,讜,讜
703,睟,牂,誅,妹,姝,睟
704,戰,戯,戲,戯,戰,戲
705,響,謍,饕,謦,響,讋
706,竫,竫,竫,眸,眸,唾
707,槿,瑾,墐,槿,瑾,幢
708,鎏,譱,鍳,皨,耋,耊
709,福,鞆,預,福,輻,祇
710,䬻,兢,蜣,鋎,鋎,兢
711,惮,褝,挿,稱,禅,稱
712,厶,衣,人,犬,ピ,厶
713,祁,祁,祁,邗,却,知
714,焫,禍,䵷,齲,蠲,蝸
715,飩,鋪,誧,餔,鯆,舖
716,翅,翃,詡,翊,銘,翎
717,險,瞼,猿,狻,唼,噞
718,找,扻,杴,坎,杴,扻
719,𥱋,絮,絮,蘗,䈎,篳
720,郵,鄆,鄞,鄢,郁,郛
721,搜,膄,溲,捜,搜,膄
722,肜,猴,冣,㝡,形,肜
723,佷,很,狠,很,很,狠
724,裙,捃,捃,鋙,裙,珸
725,薤,蒄,蒄,薏,惹,薏
726,院,脘,踪,晥,睆,垸
727,晡,晡,呻,晡,脯,啌
728,硏,研,姸,谺,訝,妍
729,陰,晙,踆,踆,踆,埈
730,孁,翣,霎,䯂,靃,囊
731,垜,拱,烘,栱,粠,垬
732,菓,糵,菓,葈,葵,薬
733,菏,芮,芮,菏,薊,薊
734,錦,諌,線,錦,銟,銕
735,珹,珹,域,珹,城,涖
736,畝,数,数,黻,敏,敏
737,敦,紋,鈸,敘,救,斁
738,鑪,驢,爐,罏,鱸,爐
739,蠻,蛮,蝥,螢,螫,蟹
740,炅,更,更,凩,奧,風
741,盲,宣,窅,背,肓,窅
742,恊,挧,椚,惻,挧,惻
743,礁,蟐,蟭,礁,樵,樵
744,狌,炷,拄,炷,炷,狌
745,刋,刋,划,列,刧,刹
746,訣,詇,践,殃,硤,賎
747,盧,處,虞,虜,濾,盧
748,筆,筆,鏱,葏,荑,荑
749,傖,偖,傖,僧,搶,𢭐
750,荣,羔,茱,茶,柴,茉
751,怳,況,況,况,怳,沅
752,偃,俿,傒,便,僎,偃
753,穗,穆,獰,稸,稸,穆
754,淐,淐,偪,壷,逞,恚
755,鳬,覓,遺,通,還,送
756,銫,蜊,絢,絢,鯯,鯏
757,躬,朗,朗,期,朗,朝
758,濬,遷,喬,矞,喬,澪
759,馳,駒,酗,鞄,酗,軸
760,隅,晭,啁,啁,晭,賙
761,竅,竅,審,寥,聚,竅
762,暸,暸,晻,吨,唵,崦
763,沆,竑,冼,洗,涔,涔
764,蟠,旙,播,璠,燔,璠
765,磈,恍,洸,洸,洸,浣
766,屮,中,屮,由,内,内
767,巵,左,立,左,立,亡
768,㕞,敲,粮,幽,啝,嗾
769,薢,蕨,蔵,蔵,蔴,薌
770,淋,淋,㟁,琳,琳,堺
771,揔,楤,愡,揔,愡,惚
772,錺,節,筅,筎,笳,筎
773,韔,鋹,𩸕,鋹,昻,鋹
774,饌,鎡,𩝐,説,説,詵
775,斛,斛,對,對,凱,封
776,𢛳,慈,悲,感,恚,恚
777,䋖,緙,鏵,鏵,韡,䋖
778,州,軹,釦,如,和,和
779,鷦,鷓,鵂,鶚,鵤,鷃
780,昕,阪,昄,昄,呕,昄
781,抽,抽,㹨,狛,迪,迪
782,壎,塡,塤,損,墳,塡
783,彽,忯,牴,彽,忯,抵
784,𨿸,雖,雜,雖,雑,雒
785,俎,詎,詛,詛,蛆,鉏
786,旹,沓,智,沓,旹,崔
787,貮,敵,敝,敞,敵,敞
788,釈,艱,駅,彫,馹,馿
789,鰧,謄,䐜,膽,膽,𪚲
790,拐,俔,惕,惕,傷,偏
791,玳,湫,取,涁,湫,漱
792,誚,綪,靕,綪,綪,媠
793,炫,沫,烋,床,法,佉
794,颿,囉,颿,瞩,罹,暻
795,秞,釉,紬,袖,柱,袖
796,性,沖,沽,泩,忡,沖
797,紺,蚶,鉗,緝,緝,甜
798,爹,奨,貿,奐,肴,爹
799,幃,降,暐,暐,烽,烽
800,騅,錐,雉,脽,雅,維
801,春,蟲,畾,品,品,寿
802,椙,福,椙,褊,糄,褊
803,瑞,揣,惴,湍,瑞,煓
804,嫮,橉,嶙,橉,憐,潾
805,慱,磚,傳,槫,磚,塼
806,勐,勦,勘,勠,勤,勧
807,デ,𠫓,示,永,氶,氶
808,鶿,鷺,鵟,鶩,鷺,鷽
809,䆿,羮,慶,廩,廈,廈
810,饍,姞,踣,誥,碚,賠
811,早,ヅ,グ,ガ,ガ,カ
812,跛,敲,跛,齩,厳,鞍
813,濕,㶚,澯,漾,濛,瀟
814,㵤,癭,漢,濩,瀁,澧
815,莎,落,薟,茯,茫,莎
816,興,藁,藁,糵,蘩,藥
817,裊,褜,褜,褧,襞,襲
818,薯,募,摹,蕚,蟇,𦳝
819,區,囶,囶,国,隍,囹
820,倎,淮,洎,洫,洫,淟
821,掠,掠,倞,愧,槞,琮
822,砭,虺,虺,齔,尫,尫
823,巨,匜,手,手,𦣝,臣
824,籤,麵,麴,麹,蟁,窺
825,聃,咭,咭,晧,咍,哈
826,趾,祉,瓧,社,玼,玼
827,恐,恐,冦,愆,忌,忍
828,熙,熈,訃,熙,煕,煕
829,鋳,畴,祷,踌,鋳,陦
830,埆,推,埆,堆,淮,准
831,狙,狙,狙,胕,阻,謚
832,嬉,躋,嬉,殯,嬙,嬙
833,勝,脧,腊,胳,賂,胎
834,淪,倫,淪,眉,倫,珺
835,汗,任,汙,仼,迕,疽
836,瀨,瀬,湘,漸,澵,瀬
837,柬,柬,奄,奇,貞,叀
838,栖,椏,梱,桺,榧,榧
839,碕,崎,蹐,崎,槣,槣
840,怕,沾,沾,佔,佔,沾
841,聾,霖,聻,聻,雩,霖
842,龐,童,童,童,言,冤
843,昆,毘,毘,氐,晁,児
844,話,銛,蛞,銛,竡,絽
845,禳,饟,鑲,濃,憹,瓖
846,灶,社,杜,社,赴,仕
847,絞,駮,骸,餃,蛟,骹
848,寫,寫,冩,癆,鳥,窩
849,鞭,嚬,畷,韈,韈,噸
850,嗑,嗌,瞳,瞳,噇,噫
851,鏤,鏝,嫚,嫚,謾,幔
852,葺,葺,葺,葷,葦,簟
853,験,騤,験,騤,騃,騃
854,裼,褐,褐,楬,羯,掲
855,狁,竹,鈗,竹,竹,犰
856,烜,桓,烜,短,迢,狸
857,焇,稍,浩,消,浩,消
858,弄,旲,旲,皂,界,弄
859,緯,嶧,禕,偉,禕,禕
860,罎,囑,矚,噓,罎,糧
861,雌,竝,鯰,鯰,雌,竝
862,舌,后,蛗,丗,ロ,ロ
863,失,朱,来,史,夫,失
864,冋,网,閃,冂,冃,問
865,暵,隩,暵,嘆,嘆,隩
866,瑜,墟,瑜,揄,楡,揄
867,糲,幗,幗,糯,籀,繻
868,淙,淦,滓,痒,倖,凃
869,膃,膣,膅,䐈,膅,昢
870,胵,評,胵,肝,壯,壯
871,桫,辮,緲,辮,辧,辮
872,歧,蛣,茲,蚑,枝,枝
873,淨,悍,桿,淨,掙,悸
874,苗,芝,芒,芝,竿,苫
875,軌,呱,䡄,柧,軏,軌
876,攞,攬,欏,懝,擬,擬
877,帛,昂,昂,乕,屆,屈
878,肤,肤,胅,胅,胅,砍
879,樕,撇,擻,櫢,僘,撇
880,杏,杏,百,笭,啓,啓
881,尽,汽,窊,気,意,笂
882,髮,簔,襃,襃,袤,裹
883,鈕,狃,鈕,狃,鈕,忸
884,稙,幮,塘,糖,樝,檣
885,磾,睾,睾,彈,磾,諢
886,忉,㓛,切,巧,忉,功
887,笄,戸,笄,蓓,芹,芹
888,嬌,鳩,綯,鑰,搗,鑷
889,箔,竿,笛,箔,箝,笮
890,な,3,斗,d,3,K
891,菪,苹,荢,荐,蒋,蒋
892,果,果,牛,牛,柒,乎
893,囁,陽,陽,禛,禛,嚊
894,滙,薀,奩,茎,薀,奩
895,肪,紡,妨,誌,訪,劯
896,撒,撤,傲,徹,徼,傲
897,璵,糅,喉,喫,睺,喫
898,餒,餧,靚,鯁,餛,鯁
899,焚,苴,梵,梵,宜,焚
900,僞,偈,煽,傓,僞,潚
901,蛻,梲,蛻,蜺,怨,梪
902,ヨ,貝,兵,フ,呉,ウ
903,白,白,臼,𦥑,血,口
904,彿,拂,怫,排,悱,佛
905,手,仐,字,芋,芊,芋
906,苒,苛,茁,范,芣,芣
907,錠,銈,𦩘,錠,靛,旌
908,薺,箐,薄,蘚,膏,蕚
909,咽,晒,晒,咽,唖,咿
910,絎,枡,衯,妍,衯,枡
911,諾,諧,譜,誨,碪,譖
912,巣,粛,巣,馽,粛,馽
913,澀,遜,墅,遯,僊,邐
914,燬,礥,碯,礥,滇,碯
915,縧,鏃,縧,橅,縧,櫲
916,軽,橆,覡,転,悪,惡
917,鬼,岌,吏,岌,束,束
918,劍,劒,剗,劍,剗,剔
919,恢,痎,夜,痃,㽲,㽲
920,粢,粢,葉,梥,素,棐
921,択,沢,拒,枢,択,沢
922,湉,洊,肜,協,侃,泄
923,煞,熊,兼,熬,煞,熬
924,噐,悪,寤,斄,噐,悪
925,拼,垪,栟,硑,倂,𥞩
926,岻,祗,祗,岻,坵,坻
927,席,瘖,宦,瘖,官,宮
928,禦,䅈,䅈,罃,紮,縈
929,褻,姦,裵,褻,藪,馥
930,鯖,鯖,蜟,銷,錆,錥
931,蠑,嶸,蠑,禖,禖,禖
932,裴,巽,裴,裴,義,斐
933,醫,霏,霏,羆,龠,覇
934,匯,嬥,踵,蹭,帽,躍
935,船,触,鮎,舶,触,鮊
936,老,為,易,舄,咢,巻
937,土,疌,筮,エ,赱,辷
938,黿,竈,鼃,龜,麤,譶
939,徙,洼,徏,蛯,蛯,迂
940,柯,粐,粐,粨,軻,軻
941,暝,暝,啖,啖,咦,暉
942,戴,黻,敷,黻,數,數
943,昳,呿,呿,呫,咕,呫
944,圕,圖,画,圖,圄,園
945,嚆,嚥,臁,棘,隴,棘
946,叉,反,及,爻,乂,父
947,楷,揩,嵇,階,喈,喈
948,鋒,綠,録,錄,絳,綠
949,考,考,者,者,宥,弇
950,釭,鈺,鉦,紅,舡,釭
951,姤,妮,輒,枛,柧,拯
952,邯,邯,邯,浙,淅,淅
953,奸,扛,奸,抂,仼,抂
954,訐,訐,証,玕,吁,肧
955,叺,戝,叺,旼,叶,戝
956,遁,蝑,蟦,鏆,鏆,殞
957,硲,裕,硲,挌,格,袼
958,宕,暎,瑛,瑛,宕,宕
959,饕,饗,餮,礬,餮,饜
960,疎,蝀,銉,肄,蛼,鍊
961,䑺,翫,蘤,覦,飆,顙
962,佯,怍,炸,作,柞,炸
963,倪,侭,泥,倪,怩,倪
964,𨩱,箛,箛,箛,笵,窊
965,狺,狷,猖,捐,焆,捐
966,廝,賡,廢,廢,廐,廡
967,洛,治,洽,冶,冾,恪
968,酲,酲,郾,郾,翌,翮
969,斵,斲,笏,衝,衞,衡
970,戡,戣,戩,戢,戡,戢
971,喧,喧,瑄,暄,暄,瑄
972,韘,釥,鈔,絲,鉡,鈔
973,櫪,孵,椪,繦,褫,壢
974,尻,浘,尻,㞍,尻,屏
975,謖,諟,昊,諟,謖,諟
976,菶,菜,菜,菉,蔣,蓄
977,誐,峨,硪,硪,餓,娥
978,茛,菝,葭,蓯,蓯,蓉
979,饉,庇,旄,旌,施,旆
980,侑,怐,均,恂,枸,玽
981,櫁,槯,摧,漼,槯,摧
982,睛,睛,睛,晴,請,請
983,柾,杷,杷,汜,把,把
984,萸,茰,黄,菰,黄,炗
985,吼,暀,眦,哦,眦,吼
986,核,核,峽,峡,峽,峡
987,憶,𢢫,簋,箼,簋,鏡
988,錞,蟀,蜂,綧,焞,縛
989,椶,稷,禝,稷,穣,輹
990,弧,軋,犹,糺,朴,乩
991,份,忖,忖,付,忖,舛
992,弐,裁,裁,戟,裁,弐
993,原,凮,凬,凮,廆,原
994,窶,寳,賓,竃,䆴,䆴
995,胙,胙,阼,阼,咋,昨
996,蘞,藪,薮,萩,蔌,蔌
997,躻,躻,訂,訂,訌,訂
998,余,宗,佘,宗,彖,怠
999,妥,旻,妛,妟,妄,旻
